o,Start,16,Martellus Bennett
n,Start,16,Travis Kelce
n,Start,16,Antonio Gates
n,Start,16,Jason Witten
n,Start,16,Dwayne Allen
o,Sit,16,Jordan Cameron
n,Sit,16,Vernon Davis
n,Sit,16,Heath Miller
n,Sit,16,Larry Donnell
n,Sit,16,Owen Daniels
o,Start,16,Connor Barth
n,Start,16,Shayne Graham
n,Start,16,Matt Prater
n,Start,16,Mason Crosby
o,Sit,16,Nick Novak
n,Sit,16,Dan Bailey
n,Sit,16,Chandler Catanzaro
n,Sit,16,Blair Walsh
o,Start,16,Seattle Seahawks
n,Start,16,Philadelphia Eagles
n,Start,16,Detroit Lions
n,Start,16,Carolina Panthers
o,Sit,16,Kansas City Chiefs
n,Sit,16,Arizona Cardinals
n,Sit,16,Houston Texans
n,Sit,16,Cincinnati Bengals
o,Start,16,C.J. Anderson
n,Start,16,Mark Ingram
n,Start,16,Alfred Morris
n,Start,16,Lamar Miller
n,Start,16,Steven Jackson
o,Sit,16,Andre Williams
n,Sit,16,Isaiah Crowell
n,Sit,16,Trent Richardson
n,Sit,16,Doug Martin
n,Sit,16,Latavius Murray
o,Start,16,Odell Beckham
n,Start,16,Jeremy Maclin
n,Start,16,Mike Evans
n,Start,16,DeSean Jackson
n,Start,16,Roddy White
o,Sit,16,Larry Fitzgerald
n,Sit,16,Sammy Watkins
n,Sit,16,Josh Gordon
n,Sit,16,Percy Harvin
n,Sit,16,Michael Crabtree
o,Start,16,Matt Ryan
n,Start,16,Matthew Stafford
n,Start,16,Tony Romo
n,Start,16,Ben Roethlisberger
n,Start,16,Mark Sanchez
o,Sit,16,Colin Kaepernick
n,Sit,16,Eli Manning
n,Sit,16,Philip Rivers
n,Sit,16,Joe Flacco
n,Sit,16,Johnny Manziel
o,Start,15,Justin Tucker
n,Start,15,Adam Vinatieri
n,Start,15,Connor Barth
n,Start,15,Nick Folk
o,Sit,15,Phil Dawson
n,Sit,15,Dan Bailey
n,Sit,15,Blair Walsh
n,Sit,15,Josh Brown
o,Start,15,Seattle Seahawks
n,Start,15,Baltimore Ravens
n,Start,15,Detroit Lions
n,Start,15,Kansas City Chiefs
o,Sit,15,Miami Dolphins
n,Sit,15,Buffalo Bills
n,Sit,15,San Francisco 49ers
n,Sit,15,San Diego Chargers
o,Start,15,Odell Beckham
n,Start,15,T.Y. Hilton
n,Start,15,Jeremy Maclin
n,Start,15,Alshon Jeffery
n,Start,15,Kelvin Benjamin
o,Sit,15,Mike Wallace
n,Sit,15,Vincent Jackson
n,Sit,15,Michael Crabtree
n,Sit,15,Andre Johnson
n,Sit,15,Dwayne Bowe
o,Start,15,Greg Olsen
n,Start,15,Delanie Walker
n,Start,15,Antonio Gates
n,Start,15,Travis Kelce
n,Start,15,Jordan Reed
o,Sit,15,Vernon Davis
n,Sit,15,Jordan Cameron
n,Sit,15,Heath Miller
n,Sit,15,Coby Fleener
n,Sit,15,Owen Daniels
o,Start,15,Jay Cutler
n,Start,15,Mark Sanchez
n,Start,15,Ben Roethlisberger
n,Start,15,Matt Ryan
n,Start,15,Eli Manning
o,Sit,15,Colin Kaepernick
n,Sit,15,Ryan Tannehill
n,Sit,15,Tony Romo
n,Sit,15,Andy Dalton
n,Sit,15,Ryan Fitzpatrick
o,Start,15,C.J. Anderson
n,Start,15,Justin Forsett
n,Start,15,Isaiah Crowell
n,Start,15,Joique Bell
n,Start,15,Latavius Murray
o,Sit,15,Ryan Mathews
n,Sit,15,Frank Gore
n,Sit,15,Trent Richardson
n,Sit,15,Shane Vereen
n,Sit,15,Andre Williams
o,Start,14,Mark Ingram
n,Start,14,Andre Williams
n,Start,14,Isaiah Crowell
n,Start,14,Joique Bell
n,Start,14,Chris Ivory
o,Sit,14,Trent Richardson
n,Sit,14,Lamar Miller
n,Sit,14,Fred Jackson
n,Sit,14,Tre Mason
n,Sit,14,Doug Martin
o,Start,14,Mason Crosby
n,Start,14,Stephen Gostkowski
n,Start,14,Connor Barth
n,Start,14,Phil Dawson
o,Sit,14,Greg Zuerlein
n,Sit,14,Dan Carpenter
n,Sit,14,Matt Bryant
n,Sit,14,Shaun Suisham
o,Start,14,Houston Texans
n,Start,14,Detroit Lions
n,Start,14,Minnesota Vikings
n,Start,14,St. Louis Rams
o,Sit,14,Buffalo Bills
n,Sit,14,Philadelphia Eagles
n,Sit,14,San Diego Chargers
n,Sit,14,Cleveland Browns
o,Start,14,Josh Gordon
n,Start,14,Odell Beckham
n,Start,14,Mike Wallace
n,Start,14,Kelvin Benjamin
n,Start,14,Kenny Stills
o,Sit,14,Keenan Allen
n,Sit,14,Vincent Jackson
n,Sit,14,Michael Crabtree
n,Sit,14,Michael Floyd
n,Sit,14,Steve Smith
o,Start,14,Russell Wilson
n,Start,14,Cam Newton
n,Start,14,Ryan Tannehill
n,Start,14,Matthew Stafford
n,Start,14,Colin Kaepernick
o,Sit,14,Mark Sanchez
n,Sit,14,Matt Ryan
n,Sit,14,Ben Roethlisberger
n,Sit,14,Philip Rivers
n,Sit,14,Joe Flacco
o,Start,14,Antonio Gates
n,Start,14,Delanie Walker
n,Start,14,Kyle Rudolph
n,Start,14,Travis Kelce
n,Start,14,Larry Donnell
o,Sit,14,Vernon Davis
n,Sit,14,Greg Olsen
n,Sit,14,Heath Miller
n,Sit,14,Zach Ertz
n,Sit,14,Owen Daniels
o,Start,13,Miami Dolphins
n,Start,13,Indianapolis Colts
n,Start,13,St. Louis Rams
n,Start,13,Baltimore Ravens
o,Sit,13,New England Patriots
n,Sit,13,Kansas City Chiefs
n,Sit,13,New York Jets
n,Sit,13,San Diego Chargers
o,Start,13,Shayne Graham
n,Start,13,Mike Nugent
n,Start,13,Randy Bullock
n,Start,13,Chandler Catanzaro
o,Sit,13,Nick Novak
n,Sit,13,Mason Crosby
n,Sit,13,Connor Barth
n,Sit,13,Sebastian Janikowski
o,Start,13,Josh Gordon
n,Start,13,T.Y. Hilton
n,Start,13,Odell Beckham
n,Start,13,Julian Edelman
n,Start,13,Mike Wallace
o,Sit,13,Vincent Jackson
n,Sit,13,Sammy Watkins
n,Sit,13,Percy Harvin
n,Sit,13,Andre Johnson
n,Sit,13,Pierre Garcon
o,Start,13,Andre Ellington
n,Start,13,Mark Ingram
n,Start,13,Rashad Jennings
n,Start,13,Alfred Morris
n,Start,13,Denard Robinson
o,Sit,13,Trent Richardson
n,Sit,13,Lamar Miller
n,Sit,13,Ryan Mathews
n,Sit,13,LeGarrette Blount
n,Sit,13,Steven Jackson
o,Start,13,Greg Olsen
n,Start,13,Coby Fleener
n,Start,13,Travis Kelce
n,Start,13,Delanie Walker
n,Start,13,Antonio Gates
o,Sit,13,Owen Daniels
n,Sit,13,Heath Miller
n,Sit,13,Scott Chandler
n,Sit,13,Jacob Tamme
n,Sit,13,Mychal Rivera
o,Start,13,Ben Roethlisberger
n,Start,13,Ryan Tannehill
n,Start,13,Cam Newton
n,Start,13,Alex Smith
n,Start,13,Joe Flacco
o,Sit,13,Eli Manning
n,Sit,13,Philip Rivers
n,Sit,13,Matt Ryan
n,Sit,13,Josh McCown
n,Sit,13,Geno Smith
o,Start,12,San Francisco 49ers
n,Start,12,Buffalo Bills
n,Start,12,Indianapolis Colts
n,Start,12,Green Bay Packers
o,Sit,12,Miami Dolphins
n,Sit,12,Detroit Lions
n,Sit,12,New Orleans Saints
n,Sit,12,Arizona Cardinals
o,Start,12,Adam Vinatieri
n,Start,12,Justin Tucker
n,Start,12,Dan Bailey
n,Start,12,Cody Parkey
o,Sit,12,Greg Zuerlein
n,Sit,12,Brandon McManus
n,Sit,12,Blair Walsh
n,Sit,12,Mike Nugent
o,Start,12,LeSean McCoy
n,Start,12,Justin Forsett
n,Start,12,C.J. Anderson
n,Start,12,Denard Robinson
n,Start,12,Rashad Jennings
o,Sit,12,Alfred Morris
n,Sit,12,Lamar Miller
n,Sit,12,Fred Jackson
n,Sit,12,Jonas Gray
n,Sit,12,Jerick McKinnon
o,Start,12,Alshon Jeffery
n,Start,12,T.Y. Hilton
n,Start,12,Sammy Watkins
n,Start,12,Mike Evans
n,Start,12,Torrey Smith
o,Sit,12,Andre Johnson
n,Sit,12,Golden Tate
n,Sit,12,Larry Fitzgerald
n,Sit,12,Pierre Garcon
n,Sit,12,Kenny Britt
o,Start,12,Antonio Gates
n,Start,12,Delanie Walker
n,Start,12,Jason Witten
n,Start,12,Coby Fleener
n,Start,12,Larry Donnell
o,Sit,12,Martellus Bennett
n,Sit,12,Zach Ertz
n,Sit,12,Kyle Rudolph
n,Sit,12,Owen Daniels
n,Sit,12,Jermaine Gresham
o,Start,12,Tony Romo
n,Start,12,Colin Kaepernick
n,Start,12,Jay Cutler
n,Start,12,Matt Ryan
n,Start,12,Eli Manning
o,Sit,12,Robert Griffin III
n,Sit,12,Russell Wilson
n,Sit,12,Philip Rivers
n,Sit,12,Joe Flacco
n,Sit,12,Michael Vick
o,Start,11,Shayne Graham
n,Start,11,Blair Walsh
n,Start,11,Phil Dawson
n,Start,11,Brandon McManus
o,Sit,11,Matt Prater
n,Sit,11,Steven Hauschka
n,Sit,11,Matt Bryant
n,Sit,11,Randy Bullock
o,Start,11,Denver Broncos
n,Start,11,Detroit Lions
n,Start,11,New Orleans Saints
n,Start,11,Pittsburgh Steelers
o,Sit,11,New England Patriots
n,Sit,11,Cincinnati Bengals
n,Sit,11,Houston Texans
n,Sit,11,Philadelphia Eagles
o,Start,11,Mark Ingram
n,Start,11,Alfred Morris
n,Start,11,Ahmad Bradshaw
n,Start,11,Frank Gore
n,Start,11,Steven Jackson
o,Sit,11,Reggie Bush
n,Sit,11,Bobby Rainey
n,Sit,11,Tre Mason
n,Sit,11,Jerick McKinnon
n,Sit,11,Darren McFadden
o,Start,11,Matthew Stafford
n,Start,11,Colin Kaepernick
n,Start,11,Jay Cutler
n,Start,11,Matt Ryan
n,Start,11,Robert Griffin III
o,Sit,11,Russell Wilson
n,Sit,11,Philip Rivers
n,Sit,11,Cam Newton
n,Sit,11,Andy Dalton
n,Sit,11,Eli Manning
o,Start,11,DeSean Jackson
n,Start,11,Kelvin Benjamin
n,Start,11,Odell Beckham
n,Start,11,Roddy White
n,Start,11,Golden Tate
o,Sit,11,Andre Johnson
n,Sit,11,Michael Crabtree
n,Sit,11,Marques Colston
n,Sit,11,Michael Floyd
n,Sit,11,Dwayne Bowe
o,Start,11,Dwayne Allen
n,Start,11,Travis Kelce
n,Start,11,Greg Olsen
n,Start,11,Antonio Gates
n,Start,11,Jordan Reed
o,Sit,11,Martellus Bennett
n,Sit,11,Larry Donnell
n,Sit,11,Zach Ertz
n,Sit,11,Heath Miller
n,Sit,11,Jermaine Gresham
o,Start,10,Greg Olsen
n,Start,10,Larry Donnell
n,Start,10,Owen Daniels
n,Start,10,Jason Witten
n,Start,10,Heath Miller
o,Sit,10,Vernon Davis
n,Sit,10,Delanie Walker
n,Sit,10,Zach Ertz
n,Sit,10,Jared Cook
n,Sit,10,Travis Kelce
o,Start,10,Julio Jones
n,Start,10,Kelvin Benjamin
n,Start,10,Larry Fitzgerald
n,Start,10,Vincent Jackson
n,Start,10,Dwayne Bowe
o,Sit,10,Percy Harvin
n,Sit,10,Mike Wallace
n,Sit,10,Rueben Randle
n,Sit,10,Doug Baldwin
n,Sit,10,Allen Robinson
o,Start,10,Ronnie Hillman
n,Start,10,Andre Ellington
n,Start,10,Justin Forsett
n,Start,10,Bobby Rainey
n,Start,10,Denard Robinson
o,Sit,10,Lamar Miller
n,Sit,10,Frank Gore
n,Sit,10,Reggie Bush
n,Sit,10,Andre Williams
n,Sit,10,Tre Mason
o,Start,10,Colin Kaepernick
n,Start,10,Ben Roethlisberger
n,Start,10,Russell Wilson
n,Start,10,Cam Newton
n,Start,10,Matt Ryan
o,Sit,10,Jay Cutler
n,Sit,10,Ryan Tannehill
n,Sit,10,Eli Manning
n,Sit,10,Michael Vick
n,Sit,10,Alex Smith
o,Start,10,Arizona Cardinals
n,Start,10,Dallas Cowboys
n,Start,10,Denver Broncos
n,Start,10,Green Bay Packers
o,Sit,10,St. Louis Rams
n,Sit,10,San Francisco 49ers
n,Sit,10,Chicago Bears
n,Sit,10,New York Giants
o,Start,10,Mason Crosby
n,Start,10,Dan Bailey
n,Start,10,Brandon McManus
n,Start,10,Matt Bryant
o,Sit,10,Matt Prater
n,Sit,10,Shayne Graham
n,Sit,10,Robbie Gould
n,Sit,10,Caleb Sturgis
o,Start,9,Ahmad Bradshaw
n,Start,9,Alfred Morris
n,Start,9,Ronnie Hillman
n,Start,9,Branden Oliver
n,Start,9,Jeremy Hill
o,Sit,9,Chris Ivory
n,Sit,9,Zac Stacy
n,Sit,9,Jerick McKinnon
n,Sit,9,Darren McFadden
n,Sit,9,Jonas Gray
o,Start,9,Cincinnati Bengals
n,Start,9,San Francisco 49ers
n,Start,9,Kansas City Chiefs
n,Start,9,Cleveland Browns
o,Sit,9,New England Patriots
n,Sit,9,Dallas Cowboys
n,Sit,9,Miami Dolphins
n,Sit,9,Pittsburgh Steelers
o,Start,9,Justin Tucker
n,Start,9,Steven Hauschka
n,Start,9,Phil Dawson
n,Start,9,Mike Nugent
o,Sit,9,Nick Novak
n,Sit,9,Brandon McManus
n,Sit,9,Chandler Catanzaro
n,Sit,9,Shaun Suisham
o,Start,9,Dwayne Allen
n,Start,9,Antonio Gates
n,Start,9,Travis Kelce
n,Start,9,Larry Donnell
n,Start,9,Jace Amaro
o,Sit,9,Vernon Davis
n,Sit,9,Zach Ertz
n,Sit,9,Heath Miller
n,Sit,9,Charles Clay
n,Sit,9,Jared Cook
o,Start,9,Jeremy Maclin
n,Start,9,T.Y. Hilton
n,Start,9,Mike Wallace
n,Start,9,DeAndre Hopkins
n,Start,9,Andrew Hawkins
o,Sit,9,Vincent Jackson
n,Sit,9,Percy Harvin
n,Sit,9,Julian Edelman
n,Sit,9,Torrey Smith
n,Sit,9,Andre Holmes
o,Start,9,Colin Kaepernick
n,Start,9,Philip Rivers
n,Start,9,Russell Wilson
n,Start,9,Carson Palmer
n,Start,9,Alex Smith
o,Sit,9,Ben Roethlisberger
n,Sit,9,Michael Vick
n,Sit,9,Eli Manning
n,Sit,9,Joe Flacco
n,Sit,9,Mike Glennon
o,Start,8,Adam Vinatieri
n,Start,8,Mason Crosby
n,Start,8,Blair Walsh
n,Start,8,Cody Parkey
o,Sit,8,Shayne Graham
n,Sit,8,Shaun Suisham
n,Sit,8,Matt Bryant
n,Sit,8,Sebastian Janikowski
o,Start,8,Kansas City Chiefs
n,Start,8,Miami Dolphins
n,Start,8,New York Jets
n,Start,8,Dallas Cowboys
o,Sit,8,Chicago Bears
n,Sit,8,Arizona Cardinals
n,Sit,8,Carolina Panthers
n,Sit,8,Pittsburgh Steelers
o,Start,8,Golden Tate
n,Start,8,Michael Floyd
n,Start,8,Sammy Watkins
n,Start,8,Terrance Williams
n,Start,8,Doug Baldwin
o,Sit,8,Percy Harvin
n,Sit,8,DeSean Jackson
n,Sit,8,Roddy White
n,Sit,8,Torrey Smith
n,Sit,8,Brian Quick
o,Start,8,Greg Olsen
n,Start,8,Dwayne Allen
n,Start,8,Jordan Reed
n,Start,8,Zach Ertz
n,Start,8,Jared Cook
o,Sit,8,Martellus Bennett
n,Sit,8,Travis Kelce
n,Sit,8,Delanie Walker
n,Sit,8,Jermaine Gresham
n,Sit,8,Jace Amaro
o,Start,8,Andre Ellington
n,Start,8,Ben Tate
n,Start,8,Joique Bell
n,Start,8,Jerick McKinnon
n,Start,8,Lamar Miller
o,Sit,8,Zac Stacy
n,Sit,8,Denard Robinson
n,Sit,8,Bishop Sankey
n,Sit,8,Chris Johnson
n,Sit,8,Steven Jackson
o,Start,8,Russell Wilson
n,Start,8,Tony Romo
n,Start,8,Cam Newton
n,Start,8,Carson Palmer
n,Start,8,Ryan Tannehill
o,Sit,8,Matt Ryan
n,Sit,8,Nick Foles
n,Sit,8,Ben Roethlisberger
n,Sit,8,Andy Dalton
n,Sit,8,Joe Flacco
o,Start,7,Seattle Seahawks
n,Start,7,Arizona Cardinals
n,Start,7,Cleveland Browns
n,Start,7,Buffalo Bills
o,Sit,7,Kansas City Chiefs
n,Sit,7,San Francisco 49ers
n,Sit,7,Carolina Panthers
n,Sit,7,Cincinnati Bengals
o,Start,7,Matt Prater
n,Start,7,Steven Hauschka
n,Start,7,Nick Novak
n,Start,7,Justin Tucker
o,Sit,7,Shayne Graham
n,Sit,7,Brandon McManus
n,Sit,7,Dan Carpenter
n,Sit,7,Sebastian Janikowski
o,Start,7,Randall Cobb
n,Start,7,Emmanuel Sanders
n,Start,7,Mike Wallace
n,Start,7,Golden Tate
n,Start,7,T.Y. Hilton
o,Sit,7,Roddy White
n,Sit,7,Pierre Garcon
n,Sit,7,Wes Welker
n,Sit,7,Marques Colston
n,Sit,7,Brian Quick
o,Start,7,Jason Witten
n,Start,7,Dwayne Allen
n,Start,7,Jordan Cameron
n,Start,7,Jordan Reed
n,Start,7,Delanie Walker
o,Sit,7,Martellus Bennett
n,Sit,7,Vernon Davis
n,Sit,7,Travis Kelce
n,Sit,7,Heath Miller
n,Sit,7,Owen Daniels
o,Start,7,Justin Forsett
n,Start,7,Ben Tate
n,Start,7,Alfred Morris
n,Start,7,Andre Ellington
n,Start,7,Lamar Miller
o,Sit,7,Zac Stacy
n,Sit,7,Ronnie Hillman
n,Sit,7,Darren McFadden
n,Sit,7,Pierre Thomas
n,Sit,7,Steven Jackson
o,Start,7,Philip Rivers
n,Start,7,Colin Kaepernick
n,Start,7,Tony Romo
n,Start,7,Russell Wilson
n,Start,7,Carson Palmer
o,Sit,7,Matt Ryan
n,Sit,7,Drew Brees
n,Sit,7,Alex Smith
n,Sit,7,Andy Dalton
n,Sit,7,Joe Flacco
o,Start,6,Eddie Lacy
n,Start,6,Frank Gore
n,Start,6,Andre Williams
n,Start,6,Andre Ellington
n,Start,6,Branden Oliver
o,Sit,6,Zac Stacy
n,Sit,6,Alfred Morris
n,Sit,6,C.J. Spiller
n,Sit,6,Ben Tate
n,Sit,6,Stevan Ridley
o,Start,6,Philip Rivers
n,Start,6,Russell Wilson
n,Start,6,Matt Ryan
n,Start,6,Jay Cutler
n,Start,6,Eli Manning
o,Sit,6,Cam Newton
n,Sit,6,Tony Romo
n,Sit,6,Ben Roethlisberger
n,Sit,6,Joe Flacco
n,Sit,6,Teddy Bridgewater
o,Start,6,San Francisco 49ers
n,Start,6,Baltimore Ravens
n,Start,6,Denver Broncos
n,Start,6,San Diego Chargers
o,Sit,6,Carolina Panthers
n,Sit,6,Dallas Cowboys
n,Sit,6,New York Jets
n,Sit,6,Pittsburgh Steelers
o,Start,6,Greg Olsen
n,Start,6,Antonio Gates
n,Start,6,Delanie Walker
n,Start,6,Jason Witten
n,Start,6,Jordan Reed
o,Sit,6,Martellus Bennett
n,Sit,6,Jordan Cameron
n,Sit,6,Zach Ertz
n,Sit,6,Heath Miller
n,Sit,6,Jared Cook
o,Start,6,Emmanuel Sanders
n,Start,6,Alshon Jeffery
n,Start,6,Steve Smith
n,Start,6,Mike Wallace
n,Start,6,Golden Tate
o,Sit,6,Larry Fitzgerald
n,Sit,6,Cordarrelle Patterson
n,Sit,6,DeSean Jackson
n,Sit,6,Sammy Watkins
n,Sit,6,Terrance Williams
o,Start,6,Stephen Gostkowski
n,Start,6,Phil Dawson
n,Start,6,Nick Novak
n,Start,6,Robbie Gould
o,Sit,6,Dan Bailey
n,Sit,6,Nick Folk
n,Sit,6,Greg Zuerlein
n,Sit,6,Sebastian Janikowski
